judgement,qid,query,ndcg@10,map,bpref,name,num_docs,num_results
qrels,126,birth control suppression antral follicle count,0.08772498179856442,0.06256202359357153,0.15506172839506174,monoT5,116,117
qcred,126,birth control suppression antral follicle count,0.7149707278752495,0.4392928771542973,0.3678861788617886,monoT5,116,117
qread,126,birth control suppression antral follicle count,0.5099145642521503,0.4367980505665043,0.2842741935483871,monoT5,116,117
