judgement,qid,query,ndcg@10,map,bpref,name,num_docs,num_results
qrels,45,Can diabetes be cured?,0.5003683983673536,0.4837447034194564,0.5332303974221265,monoT5,125,126
qcred,45,Can diabetes be cured?,0.34439666958768655,0.5075966831161834,0.6110396975425331,monoT5,125,126
qread,45,Can diabetes be cured?,0.43856593582032094,0.2507025936147343,0.3311163275952007,monoT5,125,126
