judgement,qid,query,ndcg@10,map,bpref,name,num_docs,num_results
qrels,105,wisdom tooth cuts gum pain,0.5788581129237141,0.2968746369467603,0.34547908232118746,monoT5,78,79
qcred,105,wisdom tooth cuts gum pain,0.8532721558012798,0.88388790699797,0.9204733727810641,monoT5,78,79
qread,105,wisdom tooth cuts gum pain,1.0,0.3059462929747808,0.312,monoT5,78,79
