name,map,bpref,ndcg_cut_10
qrels_colbert_msmarco_over_50,0.1600780273807733,0.4193384078555421,0.15133451055307082
qcred_colbert_msmarco_over_50,0.23478843424001292,0.6353305398384511,0.12814010429083728
qread_colbert_msmarco_over_50,0.18946251603765663,0.473310042873435,0.16623098931853827
