name,map,bpref,ndcg_cut_10
qrels_colbert_msmarco,0.16610483001154613,0.3630496565003837,0.4420120891160586
qcred_colbert_msmarco,0.2343382529260694,0.5623184222427526,0.4208461490305945
qread_colbert_msmarco,0.19303113496631175,0.4138491757410432,0.53143103710506
