name,map,bpref,ndcg_cut_10
qrels_colbert_msmarco_over_50,0.1710590299247721,0.4180820023323516,0.20497017850824886
qcred_colbert_msmarco_over_50,0.24952272920819674,0.637900136102489,0.1833678454275106
qread_colbert_msmarco_over_50,0.20178212895968287,0.4750900895842492,0.23433469740619536
