name,map,bpref,ndcg_cut_10
qrels_colbert_msmarco_over_50,0.21901473245955244,0.4224644077413992,0.4876768972178623
qcred_colbert_msmarco_over_50,0.30607327322153705,0.6467190354068323,0.4511592686682296
qread_colbert_msmarco_over_50,0.2489328318553952,0.48046819143613834,0.5682961399994773
