name,map,bpref,ndcg_cut_10
qrels_QE_dph_over_50,0.3153162985448131,0.4460851010188999,0.3980298929230065
qcred_QE_dph_over_50,0.45862862005630434,0.6772317743731565,0.42205666568651895
qread_QE_dph_over_50,0.3660531850727892,0.4534328432995553,0.4788652641734103
