judgement,qid,query,ndcg@10,map,bpref,name,num_docs,num_results
qrels,123,hypothyroidism symptoms,0.8448653845904918,0.5936374647836357,0.49615304637138663,monoT5,161,162
qcred,123,hypothyroidism symptoms,0.5311607616459031,0.5822519818884843,0.317991631799163,monoT5,161,162
qread,123,hypothyroidism symptoms,0.8400427612265268,0.6265090140114828,0.5365853658536586,monoT5,161,162
