judgement,qid,query,ndcg@10,map,bpref,name,num_docs,num_results
qrels,107,medication adhd anxiety,0.27125125090209096,0.2538817293593282,0.3425378040762656,monoT5,128,129
qcred,107,medication adhd anxiety,0.8576177973015341,0.9510909149412266,0.9732598763773186,monoT5,128,129
qread,107,medication adhd anxiety,0.9305687780632227,0.49479735680527176,0.35999999999999954,monoT5,128,129
