judgement,qid,query,ndcg@10,map,bpref,name,num_docs,num_results
qrels,22,my risk for developing type 2 diabetes,0.7475470162440776,0.7975448486764727,0.7010789083985611,monoT5,249,250
qcred,22,my risk for developing type 2 diabetes,0.5362318319681052,0.8426332482136687,0.5329930732774325,monoT5,249,250
qread,22,my risk for developing type 2 diabetes,0.6673546295859658,0.8909255079381232,0.5619696969696976,monoT5,249,250
