judgement,qid,query,ndcg@10,map,bpref,name,num_docs,num_results
qrels,45,Can diabetes be cured?,0.5409830595796163,0.4870341771036668,0.5332303974221265,monoT5,125,126
qcred,45,Can diabetes be cured?,0.37147311039586184,0.5119445092031399,0.6110396975425331,monoT5,125,126
qread,45,Can diabetes be cured?,0.47918059703258375,0.25422372037529767,0.3311163275952007,monoT5,125,126
