judgement,qid,query,ndcg@10,map,bpref,name,num_docs,num_results
qrels,123,hypothyroidism symptoms,0.704027138162902,0.5866817567362245,0.49615304637138663,monoT5,161,162
qcred,123,hypothyroidism symptoms,0.4577968395465431,0.5755873076505882,0.317991631799163,monoT5,161,162
qread,123,hypothyroidism symptoms,0.7006547138314293,0.6200339849754781,0.5365853658536586,monoT5,161,162
