judgement,qid,query,ndcg@10,map,bpref,name,num_docs,num_results
qrels,58,Risk to develop multiple sclerosis,0.8473825580301494,0.8644547656521893,0.784404761904763,monoT5,230,231
qcred,58,Risk to develop multiple sclerosis,0.48897491385167297,0.9032461480697305,0.92,monoT5,230,231
qread,58,Risk to develop multiple sclerosis,0.8899541168509599,0.8970376366560665,0.4596774193548387,monoT5,230,231
