judgement,qid,query,ndcg@10,map,bpref,name,num_docs,num_results
qrels,107,medication adhd anxiety,0.23680742154717782,0.24338683739597833,0.3425378040762656,monoT5,128,129
qcred,107,medication adhd anxiety,0.8275455457532875,0.930056468423711,0.9732598763773186,monoT5,128,129
qread,107,medication adhd anxiety,0.8572048559638628,0.4834922963775758,0.35999999999999954,monoT5,128,129
