judgement,qid,query,ndcg@10,map,bpref,name,num_docs,num_results
qrels,126,birth control suppression antral follicle count,0.1323251559018987,0.06516844131548195,0.15506172839506174,monoT5,116,117
qcred,126,birth control suppression antral follicle count,0.900346883204941,0.4549930091583982,0.3678861788617886,monoT5,116,117
qread,126,birth control suppression antral follicle count,0.6372739446323603,0.4524600507547161,0.2842741935483871,monoT5,116,117
