judgement,qid,query,ndcg@10,map,bpref,name,num_docs,num_results
qrels,102,randomly gotten eczema,0.7264832438413377,0.2947586162449493,0.22557471264367826,monoT5,97,98
qcred,102,randomly gotten eczema,0.5978611407646918,0.8539470333448931,0.9034567901234566,monoT5,97,98
qread,102,randomly gotten eczema,0.8815473456401717,0.35893990752941984,0.19410569105691056,monoT5,97,98
