judgement,qid,query,ndcg@10,map,bpref,name,num_docs,num_results
qrels,101,heavy flares swelling lymph nodes,0.6416264508377909,0.8709581728519158,0.9310557094490596,monoT5,122,123
qcred,101,heavy flares swelling lymph nodes,0.5657453552987732,0.7652271401476005,0.8589353984903432,monoT5,122,123
qread,101,heavy flares swelling lymph nodes,0.517543323641895,0.3624013881794755,0.29469696969696946,monoT5,122,123
