judgement,qid,query,ndcg@10,map,bpref,name,num_docs,num_results
qrels,58,Risk to develop multiple sclerosis,0.7373366748811093,0.8604865116839352,0.784404761904763,monoT5,230,231
qcred,58,Risk to develop multiple sclerosis,0.4156109917523129,0.899912814736397,0.92,monoT5,230,231
qread,58,Risk to develop multiple sclerosis,0.7799082337019199,0.893677421602303,0.4596774193548387,monoT5,230,231
