judgement,qid,query,ndcg@10,map,bpref,name,num_docs,num_results
qrels,96,most efficient and sustainable diets,0.6590285645750095,0.24434753428071446,0.274819197896121,colbert_v1,89,84
qcred,96,most efficient and sustainable diets,0.8041584570597918,0.6627042936025305,0.6795280612244895,colbert_v1,89,84
qread,96,most efficient and sustainable diets,0.7000116241546258,0.3570381267818584,0.3643882646691636,colbert_v1,89,84
