name,map,bpref,ndcg_cut_10
qrels_colbert_v1,0.2196775514117022,0.42479121838977085,0.4831029244994467
qcred_colbert_v1,0.30624167962779947,0.6464047612177793,0.44689926238411487
qread_colbert_v1,0.24880358653902188,0.47762837704266015,0.559790221142175
