judgement,qid,query,ndcg@10,map,bpref,name,num_docs,num_results
qrels,22,my risk for developing type 2 diabetes,0.7475470162440776,0.8072476074864408,0.7010789083985611,monoT5,249,249
qcred,22,my risk for developing type 2 diabetes,0.5362318319681052,0.8519534823091962,0.5329930732774325,monoT5,249,249
qread,22,my risk for developing type 2 diabetes,0.6673546295859658,0.9008268073405674,0.5619696969696976,monoT5,249,249
