judgement,qid,query,ndcg@10,map,bpref,name,num_docs,num_results
qrels,57,multiple sclerosis stages phases,0.9681896059005243,0.7978581767952043,0.7313300927971733,monoT5,206,206
qcred,57,multiple sclerosis stages phases,0.7278996793738189,0.824,0.824,monoT5,206,206
qread,57,multiple sclerosis stages phases,0.9363792118010483,0.8080251292349588,0.4520917678812412,monoT5,206,206
