judgement,qid,query,ndcg@10,map,bpref,name,num_docs,num_results
qrels,94,When will I start to feel better with multiple sclerosis?,0.6874253192566763,0.7668402670762853,0.5307890855457228,monoT5,211,211
qcred,94,When will I start to feel better with multiple sclerosis?,0.5074377867854949,0.6618723082105333,0.6003193960511025,monoT5,211,211
qread,94,When will I start to feel better with multiple sclerosis?,0.6103653379301544,0.8100468576801977,0.596246973365616,monoT5,211,211
