judgement,qid,query,ndcg@10,map,bpref,name,num_docs,num_results
qrels,45,Can diabetes be cured?,0.5869813601033683,0.5069972006964972,0.5332303974221265,monoT5,125,125
qcred,45,Can diabetes be cured?,0.39880842798882477,0.5316993348981867,0.6110396975425331,monoT5,125,125
qread,45,Can diabetes be cured?,0.5280257183662653,0.2660895358294835,0.3311163275952007,monoT5,125,125
