judgement,qid,query,ndcg@10,map,bpref,name,num_docs,num_results
qrels,102,randomly gotten eczema,0.7264832438413377,0.3006921698064487,0.22557471264367826,monoT5,97,97
qcred,102,randomly gotten eczema,0.5978611407646918,0.8699372733785476,0.9034567901234566,monoT5,97,97
qread,102,randomly gotten eczema,0.8815473456401717,0.36611234211217447,0.19410569105691056,monoT5,97,97
