judgement,qid,query,ndcg@10,map,bpref,name,num_docs,num_results
qrels,63,Will multiple sclerosis affect my career?,0.7799082337019199,0.9619671637198927,0.727524204702627,monoT5,249,250
qcred,63,Will multiple sclerosis affect my career?,0.675761400796754,0.9755972990022702,0.996,monoT5,249,250
qread,63,Will multiple sclerosis affect my career?,0.7799082337019199,0.9733466569730004,0.8871951219512195,monoT5,249,250
