judgement,qid,query,ndcg@10,map,bpref,name,num_docs,num_results
qrels,45,Can diabetes be cured?,0.5869813601033683,0.5064040041933616,0.5332303974221265,monoT5,125,126
qcred,45,Can diabetes be cured?,0.39880842798882477,0.5309391342302103,0.6110396975425331,monoT5,125,126
qread,45,Can diabetes be cured?,0.5280257183662653,0.2657546448628895,0.3311163275952007,monoT5,125,126
