judgement,qid,query,ndcg@10,map,bpref,name,num_docs,num_results
qrels,118,stage 4 triple negative breast cancer treatment,0.8522541249803536,0.6302048002157595,0.5475222816399287,monoT5,222,223
qcred,118,stage 4 triple negative breast cancer treatment,0.5281900260861102,0.8796516041437562,0.891566265060241,monoT5,222,223
qread,118,stage 4 triple negative breast cancer treatment,1.0,0.8736554959868089,0.5341365461847389,monoT5,222,223
