judgement,qid,query,ndcg@10,map,bpref,name,num_docs,num_results
qrels,63,Will multiple sclerosis affect my career?,0.8899541168509599,0.9654249783810269,0.727524204702627,monoT5,249,250
qcred,63,Will multiple sclerosis affect my career?,0.7451926227335312,0.9789306323356037,0.996,monoT5,249,250
qread,63,Will multiple sclerosis affect my career?,0.8899541168509599,0.9767341908483392,0.8871951219512195,monoT5,249,250
