judgement,qid,query,ndcg@10,map,bpref,name,num_docs,num_results
qrels,107,medication adhd anxiety,0.23680742154717782,0.24338683739597833,0.3425378040762656,monoT5,128,129
qcred,107,medication adhd anxiety,0.8346552443982586,0.9319918054000316,0.9732598763773186,monoT5,128,129
qread,107,medication adhd anxiety,0.8643145546088337,0.4844560151984375,0.35999999999999954,monoT5,128,129
