model,weighted_position,ARC,HellaSwag,MMLU
chatgpt,0.006077800409048371,85.2,85.5,70.0
meta-llama_Llama-2-7b-chat-hf,0.0791815907679337,52.9,78.6,48.3
meta-llama_Llama-2-13b-chat-hf,0.0817791757511073,59.0,81.9,54.6
tiiuae_falcon-7b-instruct,0.1468148056656214,47.9,78.1,27.8
gpt2-xl,0.36616315185994747,30.3,51.4,26.4
gpt2-large,0.39987335731495505,25.9,45.6,26.1
gpt2-medium,0.5902298325905996,27.0,40.2,26.6
gpt2,0.6608475693005544,21.8,31.6,25.9
